"FullName","Length"
"C:\PRIYANSH SHARMA\AAAS DEV - 4 - Copy orignal\omip\backend-node",
"C:\PRIYANSH SHARMA\AAAS DEV - 4 - Copy orignal\omip\frontend",
"C:\PRIYANSH SHARMA\AAAS DEV - 4 - Copy orignal\omip\files.csv","0"
"C:\PRIYANSH SHARMA\AAAS DEV - 4 - Copy orignal\omip\README.md","2633"
"C:\PRIYANSH SHARMA\AAAS DEV - 4 - Copy orignal\omip\backend-node\logs",
"C:\PRIYANSH SHARMA\AAAS DEV - 4 - Copy orignal\omip\backend-node\prisma",
"C:\PRIYANSH SHARMA\AAAS DEV - 4 - Copy orignal\omip\backend-node\src",
"C:\PRIYANSH SHARMA\AAAS DEV - 4 - Copy orignal\omip\backend-node\.dockerignore","115"
"C:\PRIYANSH SHARMA\AAAS DEV - 4 - Copy orignal\omip\backend-node\.env","4231"
"C:\PRIYANSH SHARMA\AAAS DEV - 4 - Copy orignal\omip\backend-node\.env.example","3672"
"C:\PRIYANSH SHARMA\AAAS DEV - 4 - Copy orignal\omip\backend-node\.gitignore","47"
"C:\PRIYANSH SHARMA\AAAS DEV - 4 - Copy orignal\omip\backend-node\DEPLOY.md","3358"
"C:\PRIYANSH SHARMA\AAAS DEV - 4 - Copy orignal\omip\backend-node\docker-compose.yml","3868"
"C:\PRIYANSH SHARMA\AAAS DEV - 4 - Copy orignal\omip\backend-node\Dockerfile","2216"
"C:\PRIYANSH SHARMA\AAAS DEV - 4 - Copy orignal\omip\backend-node\package-lock.json","110868"
"C:\PRIYANSH SHARMA\AAAS DEV - 4 - Copy orignal\omip\backend-node\package.json","1741"
"C:\PRIYANSH SHARMA\AAAS DEV - 4 - Copy orignal\omip\backend-node\tsconfig.json","683"
"C:\PRIYANSH SHARMA\AAAS DEV - 4 - Copy orignal\omip\backend-node\logs\combined.log","445682"
"C:\PRIYANSH SHARMA\AAAS DEV - 4 - Copy orignal\omip\backend-node\logs\error.log","267450"
"C:\PRIYANSH SHARMA\AAAS DEV - 4 - Copy orignal\omip\backend-node\prisma\schema.prisma","26130"
"C:\PRIYANSH SHARMA\AAAS DEV - 4 - Copy orignal\omip\backend-node\prisma\seed.ts","41504"
"C:\PRIYANSH SHARMA\AAAS DEV - 4 - Copy orignal\omip\backend-node\src\adapters",
"C:\PRIYANSH SHARMA\AAAS DEV - 4 - Copy orignal\omip\backend-node\src\api",
"C:\PRIYANSH SHARMA\AAAS DEV - 4 - Copy orignal\omip\backend-node\src\lib",
"C:\PRIYANSH SHARMA\AAAS DEV - 4 - Copy orignal\omip\backend-node\src\middleware",
"C:\PRIYANSH SHARMA\AAAS DEV - 4 - Copy orignal\omip\backend-node\src\services",
"C:\PRIYANSH SHARMA\AAAS DEV - 4 - Copy orignal\omip\backend-node\src\utils",
"C:\PRIYANSH SHARMA\AAAS DEV - 4 - Copy orignal\omip\backend-node\src\workers",
"C:\PRIYANSH SHARMA\AAAS DEV - 4 - Copy orignal\omip\backend-node\src\server.ts","6963"
"C:\PRIYANSH SHARMA\AAAS DEV - 4 - Copy orignal\omip\backend-node\src\adapters\groq.adapter.ts","1893"
"C:\PRIYANSH SHARMA\AAAS DEV - 4 - Copy orignal\omip\backend-node\src\adapters\index.ts","5509"
"C:\PRIYANSH SHARMA\AAAS DEV - 4 - Copy orignal\omip\backend-node\src\adapters\langchain.adapter.ts","5242"
"C:\PRIYANSH SHARMA\AAAS DEV - 4 - Copy orignal\omip\backend-node\src\adapters\multiagent.adapter.ts","3758"
"C:\PRIYANSH SHARMA\AAAS DEV - 4 - Copy orignal\omip\backend-node\src\adapters\n8n.adapter.ts","3010"
"C:\PRIYANSH SHARMA\AAAS DEV - 4 - Copy orignal\omip\backend-node\src\adapters\python.adapter.ts","3388"
"C:\PRIYANSH SHARMA\AAAS DEV - 4 - Copy orignal\omip\backend-node\src\adapters\types.ts","1529"
"C:\PRIYANSH SHARMA\AAAS DEV - 4 - Copy orignal\omip\backend-node\src\api\agents",
"C:\PRIYANSH SHARMA\AAAS DEV - 4 - Copy orignal\omip\backend-node\src\api\apis",
"C:\PRIYANSH SHARMA\AAAS DEV - 4 - Copy orignal\omip\backend-node\src\api\auth",
"C:\PRIYANSH SHARMA\AAAS DEV - 4 - Copy orignal\omip\backend-node\src\api\llm",
"C:\PRIYANSH SHARMA\AAAS DEV - 4 - Copy orignal\omip\backend-node\src\api\marketplace",
"C:\PRIYANSH SHARMA\AAAS DEV - 4 - Copy orignal\omip\backend-node\src\api\notifications",
"C:\PRIYANSH SHARMA\AAAS DEV - 4 - Copy orignal\omip\backend-node\src\api\permissions",
"C:\PRIYANSH SHARMA\AAAS DEV - 4 - Copy orignal\omip\backend-node\src\api\schedule",
"C:\PRIYANSH SHARMA\AAAS DEV - 4 - Copy orignal\omip\backend-node\src\api\stats",
"C:\PRIYANSH SHARMA\AAAS DEV - 4 - Copy orignal\omip\backend-node\src\api\teams",
"C:\PRIYANSH SHARMA\AAAS DEV - 4 - Copy orignal\omip\backend-node\src\api\tools",
"C:\PRIYANSH SHARMA\AAAS DEV - 4 - Copy orignal\omip\backend-node\src\api\user",
"C:\PRIYANSH SHARMA\AAAS DEV - 4 - Copy orignal\omip\backend-node\src\api\versioning",
"C:\PRIYANSH SHARMA\AAAS DEV - 4 - Copy orignal\omip\backend-node\src\api\workflows",
"C:\PRIYANSH SHARMA\AAAS DEV - 4 - Copy orignal\omip\backend-node\src\api\agents\agents.controller.ts","9390"
"C:\PRIYANSH SHARMA\AAAS DEV - 4 - Copy orignal\omip\backend-node\src\api\agents\agents.http","3588"
"C:\PRIYANSH SHARMA\AAAS DEV - 4 - Copy orignal\omip\backend-node\src\api\agents\agents.routes.ts","6149"
"C:\PRIYANSH SHARMA\AAAS DEV - 4 - Copy orignal\omip\backend-node\src\api\agents\download.controller.ts","12837"
"C:\PRIYANSH SHARMA\AAAS DEV - 4 - Copy orignal\omip\backend-node\src\api\agents\execution.controller.ts","5611"
"C:\PRIYANSH SHARMA\AAAS DEV - 4 - Copy orignal\omip\backend-node\src\api\agents\execution.http","2987"
"C:\PRIYANSH SHARMA\AAAS DEV - 4 - Copy orignal\omip\backend-node\src\api\agents\queue.http","2899"
"C:\PRIYANSH SHARMA\AAAS DEV - 4 - Copy orignal\omip\backend-node\src\api\apis\apis.controller.ts","3451"
"C:\PRIYANSH SHARMA\AAAS DEV - 4 - Copy orignal\omip\backend-node\src\api\apis\apis.routes.ts","2394"
"C:\PRIYANSH SHARMA\AAAS DEV - 4 - Copy orignal\omip\backend-node\src\api\auth\auth.controller.ts","3169"
"C:\PRIYANSH SHARMA\AAAS DEV - 4 - Copy orignal\omip\backend-node\src\api\auth\auth.http","2410"
"C:\PRIYANSH SHARMA\AAAS DEV - 4 - Copy orignal\omip\backend-node\src\api\auth\auth.routes.ts","1921"
"C:\PRIYANSH SHARMA\AAAS DEV - 4 - Copy orignal\omip\backend-node\src\api\llm\llm.http","1497"
"C:\PRIYANSH SHARMA\AAAS DEV - 4 - Copy orignal\omip\backend-node\src\api\llm\llm.routes.ts","2684"
"C:\PRIYANSH SHARMA\AAAS DEV - 4 - Copy orignal\omip\backend-node\src\api\marketplace\marketplace.controller.ts","6920"
"C:\PRIYANSH SHARMA\AAAS DEV - 4 - Copy orignal\omip\backend-node\src\api\marketplace\marketplace.http","7963"
"C:\PRIYANSH SHARMA\AAAS DEV - 4 - Copy orignal\omip\backend-node\src\api\marketplace\marketplace.routes.ts","3886"
"C:\PRIYANSH SHARMA\AAAS DEV - 4 - Copy orignal\omip\backend-node\src\api\notifications\notifications.controller.ts","2399"
"C:\PRIYANSH SHARMA\AAAS DEV - 4 - Copy orignal\omip\backend-node\src\api\notifications\notifications.http","3454"
"C:\PRIYANSH SHARMA\AAAS DEV - 4 - Copy orignal\omip\backend-node\src\api\notifications\notifications.routes.ts","1170"
"C:\PRIYANSH SHARMA\AAAS DEV - 4 - Copy orignal\omip\backend-node\src\api\permissions\permissions.controller.ts","2163"
"C:\PRIYANSH SHARMA\AAAS DEV - 4 - Copy orignal\omip\backend-node\src\api\permissions\permissions.http","4862"
"C:\PRIYANSH SHARMA\AAAS DEV - 4 - Copy orignal\omip\backend-node\src\api\permissions\permissions.routes.ts","1203"
"C:\PRIYANSH SHARMA\AAAS DEV - 4 - Copy orignal\omip\backend-node\src\api\schedule\schedule.controller.ts","3818"
"C:\PRIYANSH SHARMA\AAAS DEV - 4 - Copy orignal\omip\backend-node\src\api\schedule\schedule.http","5008"
"C:\PRIYANSH SHARMA\AAAS DEV - 4 - Copy orignal\omip\backend-node\src\api\schedule\schedule.routes.ts","2208"
"C:\PRIYANSH SHARMA\AAAS DEV - 4 - Copy orignal\omip\backend-node\src\api\stats\stats.controller.ts","448"
"C:\PRIYANSH SHARMA\AAAS DEV - 4 - Copy orignal\omip\backend-node\src\api\stats\stats.http","1027"
"C:\PRIYANSH SHARMA\AAAS DEV - 4 - Copy orignal\omip\backend-node\src\api\stats\stats.routes.ts","482"
"C:\PRIYANSH SHARMA\AAAS DEV - 4 - Copy orignal\omip\backend-node\src\api\teams\teams.controller.ts","5103"
"C:\PRIYANSH SHARMA\AAAS DEV - 4 - Copy orignal\omip\backend-node\src\api\teams\teams.http","6266"
"C:\PRIYANSH SHARMA\AAAS DEV - 4 - Copy orignal\omip\backend-node\src\api\teams\teams.routes.ts","3154"
"C:\PRIYANSH SHARMA\AAAS DEV - 4 - Copy orignal\omip\backend-node\src\api\tools\tools.controller.ts","3258"
"C:\PRIYANSH SHARMA\AAAS DEV - 4 - Copy orignal\omip\backend-node\src\api\tools\tools.http","6256"
"C:\PRIYANSH SHARMA\AAAS DEV - 4 - Copy orignal\omip\backend-node\src\api\tools\tools.routes.ts","796"
"C:\PRIYANSH SHARMA\AAAS DEV - 4 - Copy orignal\omip\backend-node\src\api\user\user.controller.ts","1984"
"C:\PRIYANSH SHARMA\AAAS DEV - 4 - Copy orignal\omip\backend-node\src\api\user\user.routes.ts","590"
"C:\PRIYANSH SHARMA\AAAS DEV - 4 - Copy orignal\omip\backend-node\src\api\versioning\versioning.controller.ts","2389"
"C:\PRIYANSH SHARMA\AAAS DEV - 4 - Copy orignal\omip\backend-node\src\api\versioning\versioning.http","4541"
"C:\PRIYANSH SHARMA\AAAS DEV - 4 - Copy orignal\omip\backend-node\src\api\versioning\versioning.routes.ts","1574"
"C:\PRIYANSH SHARMA\AAAS DEV - 4 - Copy orignal\omip\backend-node\src\api\workflows\workflows.controller.ts","4940"
"C:\PRIYANSH SHARMA\AAAS DEV - 4 - Copy orignal\omip\backend-node\src\api\workflows\workflows.http","6073"
"C:\PRIYANSH SHARMA\AAAS DEV - 4 - Copy orignal\omip\backend-node\src\api\workflows\workflows.routes.ts","2128"
"C:\PRIYANSH SHARMA\AAAS DEV - 4 - Copy orignal\omip\backend-node\src\lib\llm",
"C:\PRIYANSH SHARMA\AAAS DEV - 4 - Copy orignal\omip\backend-node\src\lib\config.ts","1746"
"C:\PRIYANSH SHARMA\AAAS DEV - 4 - Copy orignal\omip\backend-node\src\lib\db.ts","20725"
"C:\PRIYANSH SHARMA\AAAS DEV - 4 - Copy orignal\omip\backend-node\src\lib\jwt.ts","1995"
"C:\PRIYANSH SHARMA\AAAS DEV - 4 - Copy orignal\omip\backend-node\src\lib\logger.ts","911"
"C:\PRIYANSH SHARMA\AAAS DEV - 4 - Copy orignal\omip\backend-node\src\lib\prisma.ts","1094"
"C:\PRIYANSH SHARMA\AAAS DEV - 4 - Copy orignal\omip\backend-node\src\lib\redis.ts","847"
"C:\PRIYANSH SHARMA\AAAS DEV - 4 - Copy orignal\omip\backend-node\src\lib\zip.ts","5059"
"C:\PRIYANSH SHARMA\AAAS DEV - 4 - Copy orignal\omip\backend-node\src\lib\llm\anthropic.client.ts","3888"
"C:\PRIYANSH SHARMA\AAAS DEV - 4 - Copy orignal\omip\backend-node\src\lib\llm\groq.client.ts","3384"
"C:\PRIYANSH SHARMA\AAAS DEV - 4 - Copy orignal\omip\backend-node\src\lib\llm\index.ts","1020"
"C:\PRIYANSH SHARMA\AAAS DEV - 4 - Copy orignal\omip\backend-node\src\lib\llm\openai.client.ts","3502"
"C:\PRIYANSH SHARMA\AAAS DEV - 4 - Copy orignal\omip\backend-node\src\lib\llm\types.ts","3037"
"C:\PRIYANSH SHARMA\AAAS DEV - 4 - Copy orignal\omip\backend-node\src\middleware\auth.ts","3723"
"C:\PRIYANSH SHARMA\AAAS DEV - 4 - Copy orignal\omip\backend-node\src\middleware\errorHandler.ts","2071"
"C:\PRIYANSH SHARMA\AAAS DEV - 4 - Copy orignal\omip\backend-node\src\services\pricing",
"C:\PRIYANSH SHARMA\AAAS DEV - 4 - Copy orignal\omip\backend-node\src\services\tools",
"C:\PRIYANSH SHARMA\AAAS DEV - 4 - Copy orignal\omip\backend-node\src\services\agentExecutor.ts","18730"
"C:\PRIYANSH SHARMA\AAAS DEV - 4 - Copy orignal\omip\backend-node\src\services\agents.service.ts","13220"
"C:\PRIYANSH SHARMA\AAAS DEV - 4 - Copy orignal\omip\backend-node\src\services\apis.service.ts","13873"
"C:\PRIYANSH SHARMA\AAAS DEV - 4 - Copy orignal\omip\backend-node\src\services\auth.service.ts","6424"
"C:\PRIYANSH SHARMA\AAAS DEV - 4 - Copy orignal\omip\backend-node\src\services\execution.service.ts","22915"
"C:\PRIYANSH SHARMA\AAAS DEV - 4 - Copy orignal\omip\backend-node\src\services\marketplace.service.ts","16387"
"C:\PRIYANSH SHARMA\AAAS DEV - 4 - Copy orignal\omip\backend-node\src\services\mcpLoader.ts","6743"
"C:\PRIYANSH SHARMA\AAAS DEV - 4 - Copy orignal\omip\backend-node\src\services\notification.service.ts","7814"
"C:\PRIYANSH SHARMA\AAAS DEV - 4 - Copy orignal\omip\backend-node\src\services\permission.service.ts","7667"
"C:\PRIYANSH SHARMA\AAAS DEV - 4 - Copy orignal\omip\backend-node\src\services\scheduler.service.ts","15708"
"C:\PRIYANSH SHARMA\AAAS DEV - 4 - Copy orignal\omip\backend-node\src\services\stats.service.ts","5276"
"C:\PRIYANSH SHARMA\AAAS DEV - 4 - Copy orignal\omip\backend-node\src\services\team.service.ts","17085"
"C:\PRIYANSH SHARMA\AAAS DEV - 4 - Copy orignal\omip\backend-node\src\services\toolRegistry.ts","5336"
"C:\PRIYANSH SHARMA\AAAS DEV - 4 - Copy orignal\omip\backend-node\src\services\versioning.service.ts","6405"
"C:\PRIYANSH SHARMA\AAAS DEV - 4 - Copy orignal\omip\backend-node\src\services\workflow.service.ts","14561"
"C:\PRIYANSH SHARMA\AAAS DEV - 4 - Copy orignal\omip\backend-node\src\services\pricing\cost.service.ts","3280"
"C:\PRIYANSH SHARMA\AAAS DEV - 4 - Copy orignal\omip\backend-node\src\services\tools\api.tool.ts","11457"
"C:\PRIYANSH SHARMA\AAAS DEV - 4 - Copy orignal\omip\backend-node\src\services\tools\database.tool.ts","7049"
"C:\PRIYANSH SHARMA\AAAS DEV - 4 - Copy orignal\omip\backend-node\src\services\tools\file.tool.ts","10481"
"C:\PRIYANSH SHARMA\AAAS DEV - 4 - Copy orignal\omip\backend-node\src\services\tools\github.tool.ts","9525"
"C:\PRIYANSH SHARMA\AAAS DEV - 4 - Copy orignal\omip\backend-node\src\services\tools\gmail.tool.ts","8441"
"C:\PRIYANSH SHARMA\AAAS DEV - 4 - Copy orignal\omip\backend-node\src\services\tools\index.ts","2672"
"C:\PRIYANSH SHARMA\AAAS DEV - 4 - Copy orignal\omip\backend-node\src\services\tools\search.tool.ts","5565"
"C:\PRIYANSH SHARMA\AAAS DEV - 4 - Copy orignal\omip\backend-node\src\services\tools\slack.tool.ts","7428"
"C:\PRIYANSH SHARMA\AAAS DEV - 4 - Copy orignal\omip\backend-node\src\services\tools\types.ts","2680"
"C:\PRIYANSH SHARMA\AAAS DEV - 4 - Copy orignal\omip\backend-node\src\services\tools\utility.tool.ts","6614"
"C:\PRIYANSH SHARMA\AAAS DEV - 4 - Copy orignal\omip\backend-node\src\utils\agentMapper.ts","726"
"C:\PRIYANSH SHARMA\AAAS DEV - 4 - Copy orignal\omip\backend-node\src\workers\index.ts","2134"
"C:\PRIYANSH SHARMA\AAAS DEV - 4 - Copy orignal\omip\backend-node\src\workers\queue.ts","6253"
"C:\PRIYANSH SHARMA\AAAS DEV - 4 - Copy orignal\omip\backend-node\src\workers\worker.ts","7067"
"C:\PRIYANSH SHARMA\AAAS DEV - 4 - Copy orignal\omip\frontend\src",
"C:\PRIYANSH SHARMA\AAAS DEV - 4 - Copy orignal\omip\frontend\.env.local","46"
"C:\PRIYANSH SHARMA\AAAS DEV - 4 - Copy orignal\omip\frontend\.next-dev.err.log","1792"
"C:\PRIYANSH SHARMA\AAAS DEV - 4 - Copy orignal\omip\frontend\.next-dev.out.log","330"
"C:\PRIYANSH SHARMA\AAAS DEV - 4 - Copy orignal\omip\frontend\components.json","404"
"C:\PRIYANSH SHARMA\AAAS DEV - 4 - Copy orignal\omip\frontend\next-env.d.ts","268"
"C:\PRIYANSH SHARMA\AAAS DEV - 4 - Copy orignal\omip\frontend\next.config.ts","244"
"C:\PRIYANSH SHARMA\AAAS DEV - 4 - Copy orignal\omip\frontend\package-lock.json","289586"
"C:\PRIYANSH SHARMA\AAAS DEV - 4 - Copy orignal\omip\frontend\package.json","1339"
"C:\PRIYANSH SHARMA\AAAS DEV - 4 - Copy orignal\omip\frontend\postcss.config.mjs","146"
"C:\PRIYANSH SHARMA\AAAS DEV - 4 - Copy orignal\omip\frontend\tsconfig.json","576"
"C:\PRIYANSH SHARMA\AAAS DEV - 4 - Copy orignal\omip\frontend\tsconfig.tsbuildinfo","149643"
"C:\PRIYANSH SHARMA\AAAS DEV - 4 - Copy orignal\omip\frontend\src\app",
"C:\PRIYANSH SHARMA\AAAS DEV - 4 - Copy orignal\omip\frontend\src\components",
"C:\PRIYANSH SHARMA\AAAS DEV - 4 - Copy orignal\omip\frontend\src\hooks",
"C:\PRIYANSH SHARMA\AAAS DEV - 4 - Copy orignal\omip\frontend\src\lib",
"C:\PRIYANSH SHARMA\AAAS DEV - 4 - Copy orignal\omip\frontend\src\store",
"C:\PRIYANSH SHARMA\AAAS DEV - 4 - Copy orignal\omip\frontend\src\styles",
"C:\PRIYANSH SHARMA\AAAS DEV - 4 - Copy orignal\omip\frontend\src\app\agent-space",
"C:\PRIYANSH SHARMA\AAAS DEV - 4 - Copy orignal\omip\frontend\src\app\agents",
"C:\PRIYANSH SHARMA\AAAS DEV - 4 - Copy orignal\omip\frontend\src\app\api-marketplace",
"C:\PRIYANSH SHARMA\AAAS DEV - 4 - Copy orignal\omip\frontend\src\app\auth",
"C:\PRIYANSH SHARMA\AAAS DEV - 4 - Copy orignal\omip\frontend\src\app\collaboration",
"C:\PRIYANSH SHARMA\AAAS DEV - 4 - Copy orignal\omip\frontend\src\app\dashboard",
"C:\PRIYANSH SHARMA\AAAS DEV - 4 - Copy orignal\omip\frontend\src\app\docs",
"C:\PRIYANSH SHARMA\AAAS DEV - 4 - Copy orignal\omip\frontend\src\app\explore",
"C:\PRIYANSH SHARMA\AAAS DEV - 4 - Copy orignal\omip\frontend\src\app\leaderboard",
"C:\PRIYANSH SHARMA\AAAS DEV - 4 - Copy orignal\omip\frontend\src\app\notifications",
"C:\PRIYANSH SHARMA\AAAS DEV - 4 - Copy orignal\omip\frontend\src\app\pricing",
"C:\PRIYANSH SHARMA\AAAS DEV - 4 - Copy orignal\omip\frontend\src\app\run",
"C:\PRIYANSH SHARMA\AAAS DEV - 4 - Copy orignal\omip\frontend\src\app\schedule",
"C:\PRIYANSH SHARMA\AAAS DEV - 4 - Copy orignal\omip\frontend\src\app\team",
"C:\PRIYANSH SHARMA\AAAS DEV - 4 - Copy orignal\omip\frontend\src\app\globals.css","9870"
"C:\PRIYANSH SHARMA\AAAS DEV - 4 - Copy orignal\omip\frontend\src\app\layout.tsx","1201"
"C:\PRIYANSH SHARMA\AAAS DEV - 4 - Copy orignal\omip\frontend\src\app\page.tsx","1739"
"C:\PRIYANSH SHARMA\AAAS DEV - 4 - Copy orignal\omip\frontend\src\app\agent-space\builder",
"C:\PRIYANSH SHARMA\AAAS DEV - 4 - Copy orignal\omip\frontend\src\app\agent-space\import",
"C:\PRIYANSH SHARMA\AAAS DEV - 4 - Copy orignal\omip\frontend\src\app\agent-space\versions",
"C:\PRIYANSH SHARMA\AAAS DEV - 4 - Copy orignal\omip\frontend\src\app\agent-space\page.tsx","14744"
"C:\PRIYANSH SHARMA\AAAS DEV - 4 - Copy orignal\omip\frontend\src\app\agent-space\builder\[id]",
"C:\PRIYANSH SHARMA\AAAS DEV - 4 - Copy orignal\omip\frontend\src\app\agent-space\builder\[id]\page.tsx","7966"
"C:\PRIYANSH SHARMA\AAAS DEV - 4 - Copy orignal\omip\frontend\src\app\agent-space\import\page.tsx","7450"
"C:\PRIYANSH SHARMA\AAAS DEV - 4 - Copy orignal\omip\frontend\src\app\agent-space\versions\[id]",
"C:\PRIYANSH SHARMA\AAAS DEV - 4 - Copy orignal\omip\frontend\src\app\agent-space\versions\[id]\page.tsx","6109"
"C:\PRIYANSH SHARMA\AAAS DEV - 4 - Copy orignal\omip\frontend\src\app\agents\[id]",
"C:\PRIYANSH SHARMA\AAAS DEV - 4 - Copy orignal\omip\frontend\src\app\agents\[id]\page.tsx","17538"
"C:\PRIYANSH SHARMA\AAAS DEV - 4 - Copy orignal\omip\frontend\src\app\api-marketplace\[id]",
"C:\PRIYANSH SHARMA\AAAS DEV - 4 - Copy orignal\omip\frontend\src\app\api-marketplace\page.tsx","28255"
"C:\PRIYANSH SHARMA\AAAS DEV - 4 - Copy orignal\omip\frontend\src\app\api-marketplace\[id]\page.tsx","19213"
"C:\PRIYANSH SHARMA\AAAS DEV - 4 - Copy orignal\omip\frontend\src\app\auth\login",
"C:\PRIYANSH SHARMA\AAAS DEV - 4 - Copy orignal\omip\frontend\src\app\auth\signup",
"C:\PRIYANSH SHARMA\AAAS DEV - 4 - Copy orignal\omip\frontend\src\app\auth\login\page.tsx","6376"
"C:\PRIYANSH SHARMA\AAAS DEV - 4 - Copy orignal\omip\frontend\src\app\auth\signup\page.tsx","12800"
"C:\PRIYANSH SHARMA\AAAS DEV - 4 - Copy orignal\omip\frontend\src\app\collaboration\page.tsx","14871"
"C:\PRIYANSH SHARMA\AAAS DEV - 4 - Copy orignal\omip\frontend\src\app\dashboard\agents",
"C:\PRIYANSH SHARMA\AAAS DEV - 4 - Copy orignal\omip\frontend\src\app\dashboard\api-keys",
"C:\PRIYANSH SHARMA\AAAS DEV - 4 - Copy orignal\omip\frontend\src\app\dashboard\creator",
"C:\PRIYANSH SHARMA\AAAS DEV - 4 - Copy orignal\omip\frontend\src\app\dashboard\runs",
"C:\PRIYANSH SHARMA\AAAS DEV - 4 - Copy orignal\omip\frontend\src\app\dashboard\user",
"C:\PRIYANSH SHARMA\AAAS DEV - 4 - Copy orignal\omip\frontend\src\app\dashboard\versioning",
"C:\PRIYANSH SHARMA\AAAS DEV - 4 - Copy orignal\omip\frontend\src\app\dashboard\page.tsx","721"
"C:\PRIYANSH SHARMA\AAAS DEV - 4 - Copy orignal\omip\frontend\src\app\dashboard\agents\page.tsx","1013"
"C:\PRIYANSH SHARMA\AAAS DEV - 4 - Copy orignal\omip\frontend\src\app\dashboard\api-keys\page.tsx","19579"
"C:\PRIYANSH SHARMA\AAAS DEV - 4 - Copy orignal\omip\frontend\src\app\dashboard\creator\page.tsx","12313"
"C:\PRIYANSH SHARMA\AAAS DEV - 4 - Copy orignal\omip\frontend\src\app\dashboard\runs\page.tsx","2572"
"C:\PRIYANSH SHARMA\AAAS DEV - 4 - Copy orignal\omip\frontend\src\app\dashboard\user\page.tsx","12899"
"C:\PRIYANSH SHARMA\AAAS DEV - 4 - Copy orignal\omip\frontend\src\app\dashboard\versioning\page.tsx","11255"
"C:\PRIYANSH SHARMA\AAAS DEV - 4 - Copy orignal\omip\frontend\src\app\docs\page.tsx","3454"
"C:\PRIYANSH SHARMA\AAAS DEV - 4 - Copy orignal\omip\frontend\src\app\explore\page.tsx","26645"
"C:\PRIYANSH SHARMA\AAAS DEV - 4 - Copy orignal\omip\frontend\src\app\leaderboard\page.tsx","30867"
"C:\PRIYANSH SHARMA\AAAS DEV - 4 - Copy orignal\omip\frontend\src\app\notifications\page.tsx","11346"
"C:\PRIYANSH SHARMA\AAAS DEV - 4 - Copy orignal\omip\frontend\src\app\pricing\page.tsx","3756"
"C:\PRIYANSH SHARMA\AAAS DEV - 4 - Copy orignal\omip\frontend\src\app\run\[id]",
"C:\PRIYANSH SHARMA\AAAS DEV - 4 - Copy orignal\omip\frontend\src\app\run\[id]\page.tsx","562"
"C:\PRIYANSH SHARMA\AAAS DEV - 4 - Copy orignal\omip\frontend\src\app\schedule\page.tsx","19246"
"C:\PRIYANSH SHARMA\AAAS DEV - 4 - Copy orignal\omip\frontend\src\app\team\page.tsx","32926"
"C:\PRIYANSH SHARMA\AAAS DEV - 4 - Copy orignal\omip\frontend\src\components\agent",
"C:\PRIYANSH SHARMA\AAAS DEV - 4 - Copy orignal\omip\frontend\src\components\agent-runner",
"C:\PRIYANSH SHARMA\AAAS DEV - 4 - Copy orignal\omip\frontend\src\components\agent-space",
"C:\PRIYANSH SHARMA\AAAS DEV - 4 - Copy orignal\omip\frontend\src\components\api-marketplace",
"C:\PRIYANSH SHARMA\AAAS DEV - 4 - Copy orignal\omip\frontend\src\components\collaboration",
"C:\PRIYANSH SHARMA\AAAS DEV - 4 - Copy orignal\omip\frontend\src\components\dashboard",
"C:\PRIYANSH SHARMA\AAAS DEV - 4 - Copy orignal\omip\frontend\src\components\landing",
"C:\PRIYANSH SHARMA\AAAS DEV - 4 - Copy orignal\omip\frontend\src\components\layout",
"C:\PRIYANSH SHARMA\AAAS DEV - 4 - Copy orignal\omip\frontend\src\components\marketplace",
"C:\PRIYANSH SHARMA\AAAS DEV - 4 - Copy orignal\omip\frontend\src\components\notifications",
"C:\PRIYANSH SHARMA\AAAS DEV - 4 - Copy orignal\omip\frontend\src\components\runner",
"C:\PRIYANSH SHARMA\AAAS DEV - 4 - Copy orignal\omip\frontend\src\components\schedule",
"C:\PRIYANSH SHARMA\AAAS DEV - 4 - Copy orignal\omip\frontend\src\components\ui",
"C:\PRIYANSH SHARMA\AAAS DEV - 4 - Copy orignal\omip\frontend\src\components\versioning",
"C:\PRIYANSH SHARMA\AAAS DEV - 4 - Copy orignal\omip\frontend\src\components\agent\agent-card.tsx","3977"
"C:\PRIYANSH SHARMA\AAAS DEV - 4 - Copy orignal\omip\frontend\src\components\agent\agent-detail-header.tsx","1816"
"C:\PRIYANSH SHARMA\AAAS DEV - 4 - Copy orignal\omip\frontend\src\components\agent\agent-filters.tsx","1809"
"C:\PRIYANSH SHARMA\AAAS DEV - 4 - Copy orignal\omip\frontend\src\components\agent\agent-grid.tsx","1587"
"C:\PRIYANSH SHARMA\AAAS DEV - 4 - Copy orignal\omip\frontend\src\components\agent\agent-tools-list.tsx","1122"
"C:\PRIYANSH SHARMA\AAAS DEV - 4 - Copy orignal\omip\frontend\src\components\agent\download-buttons.tsx","16505"
"C:\PRIYANSH SHARMA\AAAS DEV - 4 - Copy orignal\omip\frontend\src\components\agent\run-modal.tsx","5430"
"C:\PRIYANSH SHARMA\AAAS DEV - 4 - Copy orignal\omip\frontend\src\components\agent\trending-agents.tsx","8181"
"C:\PRIYANSH SHARMA\AAAS DEV - 4 - Copy orignal\omip\frontend\src\components\agent-runner\AgentRunnerDialog.tsx","9255"
"C:\PRIYANSH SHARMA\AAAS DEV - 4 - Copy orignal\omip\frontend\src\components\agent-runner\ApiConfigStep.tsx","16661"
"C:\PRIYANSH SHARMA\AAAS DEV - 4 - Copy orignal\omip\frontend\src\components\agent-runner\ExecutionStep.tsx","3067"
"C:\PRIYANSH SHARMA\AAAS DEV - 4 - Copy orignal\omip\frontend\src\components\agent-runner\PermissionReviewStep.tsx","9142"
"C:\PRIYANSH SHARMA\AAAS DEV - 4 - Copy orignal\omip\frontend\src\components\agent-runner\PermissionStep.tsx","11127"
"C:\PRIYANSH SHARMA\AAAS DEV - 4 - Copy orignal\omip\frontend\src\components\agent-runner\ResultStep.tsx","4237"
"C:\PRIYANSH SHARMA\AAAS DEV - 4 - Copy orignal\omip\frontend\src\components\agent-runner\UserTypeStep.tsx","2076"
"C:\PRIYANSH SHARMA\AAAS DEV - 4 - Copy orignal\omip\frontend\src\components\agent-runner\ValidationStep.tsx","4190"
"C:\PRIYANSH SHARMA\AAAS DEV - 4 - Copy orignal\omip\frontend\src\components\agent-space\config-panel.tsx","8753"
"C:\PRIYANSH SHARMA\AAAS DEV - 4 - Copy orignal\omip\frontend\src\components\agent-space\copilot-panel.tsx","19783"
"C:\PRIYANSH SHARMA\AAAS DEV - 4 - Copy orignal\omip\frontend\src\components\agent-space\create-agent-dialog.tsx","7229"
"C:\PRIYANSH SHARMA\AAAS DEV - 4 - Copy orignal\omip\frontend\src\components\agent-space\deploy-dialog.tsx","5581"
"C:\PRIYANSH SHARMA\AAAS DEV - 4 - Copy orignal\omip\frontend\src\components\agent-space\diff-viewer.tsx","3480"
"C:\PRIYANSH SHARMA\AAAS DEV - 4 - Copy orignal\omip\frontend\src\components\agent-space\file-import-panel.tsx","9852"
"C:\PRIYANSH SHARMA\AAAS DEV - 4 - Copy orignal\omip\frontend\src\components\agent-space\flow-canvas.tsx","9435"
"C:\PRIYANSH SHARMA\AAAS DEV - 4 - Copy orignal\omip\frontend\src\components\api-marketplace\api-card.tsx","15187"
"C:\PRIYANSH SHARMA\AAAS DEV - 4 - Copy orignal\omip\frontend\src\components\api-marketplace\api-filters-sidebar.tsx","8244"
"C:\PRIYANSH SHARMA\AAAS DEV - 4 - Copy orignal\omip\frontend\src\components\collaboration\config-panel.tsx","18955"
"C:\PRIYANSH SHARMA\AAAS DEV - 4 - Copy orignal\omip\frontend\src\components\collaboration\workflow-canvas.tsx","21377"
"C:\PRIYANSH SHARMA\AAAS DEV - 4 - Copy orignal\omip\frontend\src\components\collaboration\workflow-list.tsx","6654"
"C:\PRIYANSH SHARMA\AAAS DEV - 4 - Copy orignal\omip\frontend\src\components\dashboard\activity-list.tsx","2203"
"C:\PRIYANSH SHARMA\AAAS DEV - 4 - Copy orignal\omip\frontend\src\components\dashboard\agent-metrics-table.tsx","9466"
"C:\PRIYANSH SHARMA\AAAS DEV - 4 - Copy orignal\omip\frontend\src\components\dashboard\creator-form.tsx","7412"
"C:\PRIYANSH SHARMA\AAAS DEV - 4 - Copy orignal\omip\frontend\src\components\dashboard\creator-stats.tsx","1492"
"C:\PRIYANSH SHARMA\AAAS DEV - 4 - Copy orignal\omip\frontend\src\components\dashboard\mini-chart.tsx","8779"
"C:\PRIYANSH SHARMA\AAAS DEV - 4 - Copy orignal\omip\frontend\src\components\dashboard\run-detail.tsx","3402"
"C:\PRIYANSH SHARMA\AAAS DEV - 4 - Copy orignal\omip\frontend\src\components\dashboard\runs-table.tsx","3261"
"C:\PRIYANSH SHARMA\AAAS DEV - 4 - Copy orignal\omip\frontend\src\components\dashboard\secret-manager.tsx","4093"
"C:\PRIYANSH SHARMA\AAAS DEV - 4 - Copy orignal\omip\frontend\src\components\dashboard\stat-card.tsx","1769"
"C:\PRIYANSH SHARMA\AAAS DEV - 4 - Copy orignal\omip\frontend\src\components\dashboard\stats-cards.tsx","1509"
"C:\PRIYANSH SHARMA\AAAS DEV - 4 - Copy orignal\omip\frontend\src\components\landing\AgentPreviewSection.tsx","8963"
"C:\PRIYANSH SHARMA\AAAS DEV - 4 - Copy orignal\omip\frontend\src\components\landing\CTASection.tsx","5306"
"C:\PRIYANSH SHARMA\AAAS DEV - 4 - Copy orignal\omip\frontend\src\components\landing\FeaturesSection.tsx","6232"
"C:\PRIYANSH SHARMA\AAAS DEV - 4 - Copy orignal\omip\frontend\src\components\landing\GlassCard.tsx","1730"
"C:\PRIYANSH SHARMA\AAAS DEV - 4 - Copy orignal\omip\frontend\src\components\landing\HeroSection.tsx","9881"
"C:\PRIYANSH SHARMA\AAAS DEV - 4 - Copy orignal\omip\frontend\src\components\landing\LandingFooter.tsx","4325"
"C:\PRIYANSH SHARMA\AAAS DEV - 4 - Copy orignal\omip\frontend\src\components\landing\MeshBackground.tsx","2633"
"C:\PRIYANSH SHARMA\AAAS DEV - 4 - Copy orignal\omip\frontend\src\components\landing\StatsStrip.tsx","2494"
"C:\PRIYANSH SHARMA\AAAS DEV - 4 - Copy orignal\omip\frontend\src\components\layout\copilot-fab.tsx","10861"
"C:\PRIYANSH SHARMA\AAAS DEV - 4 - Copy orignal\omip\frontend\src\components\layout\dashboard-layout.tsx","2541"
"C:\PRIYANSH SHARMA\AAAS DEV - 4 - Copy orignal\omip\frontend\src\components\layout\dashboard-topbar.tsx","7332"
"C:\PRIYANSH SHARMA\AAAS DEV - 4 - Copy orignal\omip\frontend\src\components\layout\footer.tsx","2040"
"C:\PRIYANSH SHARMA\AAAS DEV - 4 - Copy orignal\omip\frontend\src\components\layout\navbar.tsx","9913"
"C:\PRIYANSH SHARMA\AAAS DEV - 4 - Copy orignal\omip\frontend\src\components\layout\providers.tsx","1758"
"C:\PRIYANSH SHARMA\AAAS DEV - 4 - Copy orignal\omip\frontend\src\components\layout\sidebar.tsx","12438"
"C:\PRIYANSH SHARMA\AAAS DEV - 4 - Copy orignal\omip\frontend\src\components\layout\theme-provider.tsx","446"
"C:\PRIYANSH SHARMA\AAAS DEV - 4 - Copy orignal\omip\frontend\src\components\marketplace\best-for-you.tsx","2488"
"C:\PRIYANSH SHARMA\AAAS DEV - 4 - Copy orignal\omip\frontend\src\components\marketplace\featured-collections.tsx","3155"
"C:\PRIYANSH SHARMA\AAAS DEV - 4 - Copy orignal\omip\frontend\src\components\marketplace\marketplace-agent-card.tsx","10631"
"C:\PRIYANSH SHARMA\AAAS DEV - 4 - Copy orignal\omip\frontend\src\components\marketplace\marketplace-sidebar.tsx","8554"
"C:\PRIYANSH SHARMA\AAAS DEV - 4 - Copy orignal\omip\frontend\src\components\marketplace\run-agent-modal.tsx","8376"
"C:\PRIYANSH SHARMA\AAAS DEV - 4 - Copy orignal\omip\frontend\src\components\notifications\notification-bell.tsx","5362"
"C:\PRIYANSH SHARMA\AAAS DEV - 4 - Copy orignal\omip\frontend\src\components\notifications\notification-item.tsx","3747"
"C:\PRIYANSH SHARMA\AAAS DEV - 4 - Copy orignal\omip\frontend\src\components\schedule\schedule-dialog.tsx","25390"
"C:\PRIYANSH SHARMA\AAAS DEV - 4 - Copy orignal\omip\frontend\src\components\ui\avatar.tsx","1385"
"C:\PRIYANSH SHARMA\AAAS DEV - 4 - Copy orignal\omip\frontend\src\components\ui\background-grid.tsx","1818"
"C:\PRIYANSH SHARMA\AAAS DEV - 4 - Copy orignal\omip\frontend\src\components\ui\badge.tsx","1146"
"C:\PRIYANSH SHARMA\AAAS DEV - 4 - Copy orignal\omip\frontend\src\components\ui\button.tsx","3684"
"C:\PRIYANSH SHARMA\AAAS DEV - 4 - Copy orignal\omip\frontend\src\components\ui\card.tsx","1843"
"C:\PRIYANSH SHARMA\AAAS DEV - 4 - Copy orignal\omip\frontend\src\components\ui\dialog.tsx","3870"
"C:\PRIYANSH SHARMA\AAAS DEV - 4 - Copy orignal\omip\frontend\src\components\ui\dropdown-menu.tsx","2771"
"C:\PRIYANSH SHARMA\AAAS DEV - 4 - Copy orignal\omip\frontend\src\components\ui\grid-pattern.tsx","1867"
"C:\PRIYANSH SHARMA\AAAS DEV - 4 - Copy orignal\omip\frontend\src\components\ui\input.tsx","1125"
"C:\PRIYANSH SHARMA\AAAS DEV - 4 - Copy orignal\omip\frontend\src\components\ui\label.tsx","595"
"C:\PRIYANSH SHARMA\AAAS DEV - 4 - Copy orignal\omip\frontend\src\components\ui\popover.tsx","2974"
"C:\PRIYANSH SHARMA\AAAS DEV - 4 - Copy orignal\omip\frontend\src\components\ui\pricing-interaction.tsx","6484"
"C:\PRIYANSH SHARMA\AAAS DEV - 4 - Copy orignal\omip\frontend\src\components\ui\scroll-area.tsx","501"
"C:\PRIYANSH SHARMA\AAAS DEV - 4 - Copy orignal\omip\frontend\src\components\ui\select.tsx","3467"
"C:\PRIYANSH SHARMA\AAAS DEV - 4 - Copy orignal\omip\frontend\src\components\ui\separator.tsx","738"
"C:\PRIYANSH SHARMA\AAAS DEV - 4 - Copy orignal\omip\frontend\src\components\ui\sheet.tsx","3210"
"C:\PRIYANSH SHARMA\AAAS DEV - 4 - Copy orignal\omip\frontend\src\components\ui\skeleton.tsx","234"
"C:\PRIYANSH SHARMA\AAAS DEV - 4 - Copy orignal\omip\frontend\src\components\ui\spinner-1.tsx","1540"
"C:\PRIYANSH SHARMA\AAAS DEV - 4 - Copy orignal\omip\frontend\src\components\ui\spotlight-button.tsx","3948"
"C:\PRIYANSH SHARMA\AAAS DEV - 4 - Copy orignal\omip\frontend\src\components\ui\switch.tsx","1163"
"C:\PRIYANSH SHARMA\AAAS DEV - 4 - Copy orignal\omip\frontend\src\components\ui\tabs.tsx","1914"
"C:\PRIYANSH SHARMA\AAAS DEV - 4 - Copy orignal\omip\frontend\src\components\ui\textarea.tsx","665"
"C:\PRIYANSH SHARMA\AAAS DEV - 4 - Copy orignal\omip\frontend\src\components\versioning\diff-panel.tsx","17264"
"C:\PRIYANSH SHARMA\AAAS DEV - 4 - Copy orignal\omip\frontend\src\components\versioning\version-timeline.tsx","11989"
"C:\PRIYANSH SHARMA\AAAS DEV - 4 - Copy orignal\omip\frontend\src\hooks\use-debounce.ts","351"
"C:\PRIYANSH SHARMA\AAAS DEV - 4 - Copy orignal\omip\frontend\src\hooks\use-local-storage.ts","617"
"C:\PRIYANSH SHARMA\AAAS DEV - 4 - Copy orignal\omip\frontend\src\hooks\use-media-query.ts","482"
"C:\PRIYANSH SHARMA\AAAS DEV - 4 - Copy orignal\omip\frontend\src\hooks\use-scroll-reveal.ts","789"
"C:\PRIYANSH SHARMA\AAAS DEV - 4 - Copy orignal\omip\frontend\src\hooks\useAgentRunner.ts","16377"
"C:\PRIYANSH SHARMA\AAAS DEV - 4 - Copy orignal\omip\frontend\src\hooks\useAuth.ts","618"
"C:\PRIYANSH SHARMA\AAAS DEV - 4 - Copy orignal\omip\frontend\src\hooks\useCopilot.ts","4705"
"C:\PRIYANSH SHARMA\AAAS DEV - 4 - Copy orignal\omip\frontend\src\hooks\useDashboard.ts","10268"
"C:\PRIYANSH SHARMA\AAAS DEV - 4 - Copy orignal\omip\frontend\src\hooks\useExplore.ts","2906"
"C:\PRIYANSH SHARMA\AAAS DEV - 4 - Copy orignal\omip\frontend\src\hooks\useNotifications.ts","4603"
"C:\PRIYANSH SHARMA\AAAS DEV - 4 - Copy orignal\omip\frontend\src\hooks\useScheduler.ts","8043"
"C:\PRIYANSH SHARMA\AAAS DEV - 4 - Copy orignal\omip\frontend\src\lib\agent-frameworks.ts","3593"
"C:\PRIYANSH SHARMA\AAAS DEV - 4 - Copy orignal\omip\frontend\src\lib\api-marketplace-data.ts","20909"
"C:\PRIYANSH SHARMA\AAAS DEV - 4 - Copy orignal\omip\frontend\src\lib\api.ts","2439"
"C:\PRIYANSH SHARMA\AAAS DEV - 4 - Copy orignal\omip\frontend\src\lib\collaboration-data.ts","14632"
"C:\PRIYANSH SHARMA\AAAS DEV - 4 - Copy orignal\omip\frontend\src\lib\config.ts","269"
"C:\PRIYANSH SHARMA\AAAS DEV - 4 - Copy orignal\omip\frontend\src\lib\constants.ts","1639"
"C:\PRIYANSH SHARMA\AAAS DEV - 4 - Copy orignal\omip\frontend\src\lib\copilot-engine.ts","16986"
"C:\PRIYANSH SHARMA\AAAS DEV - 4 - Copy orignal\omip\frontend\src\lib\demo-auth.ts","1437"
"C:\PRIYANSH SHARMA\AAAS DEV - 4 - Copy orignal\omip\frontend\src\lib\leaderboard-data.ts","19781"
"C:\PRIYANSH SHARMA\AAAS DEV - 4 - Copy orignal\omip\frontend\src\lib\marketplace-data.ts","24668"
"C:\PRIYANSH SHARMA\AAAS DEV - 4 - Copy orignal\omip\frontend\src\lib\notification-data.ts","6093"
"C:\PRIYANSH SHARMA\AAAS DEV - 4 - Copy orignal\omip\frontend\src\lib\queries.ts","19961"
"C:\PRIYANSH SHARMA\AAAS DEV - 4 - Copy orignal\omip\frontend\src\lib\schedule-data.ts","16855"
"C:\PRIYANSH SHARMA\AAAS DEV - 4 - Copy orignal\omip\frontend\src\lib\team-data.ts","12824"
"C:\PRIYANSH SHARMA\AAAS DEV - 4 - Copy orignal\omip\frontend\src\lib\trending-agents.ts","11884"
"C:\PRIYANSH SHARMA\AAAS DEV - 4 - Copy orignal\omip\frontend\src\lib\types.ts","8552"
"C:\PRIYANSH SHARMA\AAAS DEV - 4 - Copy orignal\omip\frontend\src\lib\utils.ts","169"
"C:\PRIYANSH SHARMA\AAAS DEV - 4 - Copy orignal\omip\frontend\src\lib\versioning-data.ts","18296"
"C:\PRIYANSH SHARMA\AAAS DEV - 4 - Copy orignal\omip\frontend\src\store\auth-store.ts","1034"
"C:\PRIYANSH SHARMA\AAAS DEV - 4 - Copy orignal\omip\frontend\src\store\ui-store.ts","728"
